{
    "acceleration": -0.13421005010604858,
    "brake": 0.13421005010604858,
    "direction": 2.0,
    "ego_location": [
        26.05008888244629,
        130.8286590576172,
        0.03375816345214844
    ],
    "ego_rotation": [
        -6.147169915493578e-05,
        179.78561401367188,
        3.482012471067719e-05
    ],
    "hand_brake": false,
    "imu_acc": [
        6.572331767529249e-05,
        0.0006579288165085018,
        9.799591064453125
    ],
    "imu_gyroscope": [
        -0.001074665691703558,
        -0.0008440374513156712,
        0.001989009091630578
    ],
    "navigate_wp_location": [
        25.112783432006836,
        130.73370361328125,
        0.0
    ],
    "navigate_wp_rotation": [
        360.0,
        179.18280029296875,
        0.0
    ],
    "reverse": false,
    "speed": -5.4498429516814965e-09,
    "steer": 0.1269855499267578,
    "throttle": 0.0
}